BEGIN TRANSACTION;
CREATE TABLE IF NOT EXISTS "bank" (
	"id"	INTEGER NOT NULL,
	"name"	TEXT NOT NULL,
	PRIMARY KEY("id")
);
CREATE TABLE IF NOT EXISTS "transaction" (
	"id"	INTEGER NOT NULL,
	"date"	TEXT NOT NULL,
	"value"	NUMERIC NOT NULL,
	"type"	INTEGER NOT NULL,
	"account_id"	INTEGER NOT NULL,
	PRIMARY KEY("id" AUTOINCREMENT)
);
CREATE TABLE IF NOT EXISTS "account" (
	"id"	INTEGER NOT NULL,
	"agency"	INTEGER NOT NULL,
	"holder"	TEXT NOT NULL,
	"bank_id"	INTEGER NOT NULL,
	"number"	INTEGER,
	PRIMARY KEY("id")
);
INSERT INTO "bank" ("id","name") VALUES (1,'BANCO EXEMPLO S/A'),
 (2,'BANCO FAKE S/A'),
 (3,'BANCO DELTA S/A');
INSERT INTO "transaction" ("id","date","value","type","account_id") VALUES (509,'2024-01-15T09:30:00Z',1500,0,1001),
 (510,'2024-01-16T14:22:00Z',250,1,1001),
 (511,'2024-01-18T10:15:00Z',89.99,2,1001),
 (512,'2024-01-20T16:45:00Z',45.5,3,1001),
 (513,'2024-01-22T11:30:00Z',800,0,1001),
 (514,'2024-01-24T13:20:00Z',150,1,1001),
 (515,'2024-01-26T09:10:00Z',299.99,2,1001),
 (516,'2024-01-28T15:35:00Z',75.25,3,1001),
 (517,'2024-01-30T12:40:00Z',2000,0,1001),
 (518,'2024-02-01T08:15:00Z',120,1,1001),
 (519,'2024-02-03T17:25:00Z',159.8,2,1001),
 (520,'2024-02-09T16:30:00Z',75,1,1001),
 (521,'2024-02-11T11:45:00Z',399.99,2,1001),
 (522,'2024-02-13T13:55:00Z',125.75,3,1001),
 (523,'2024-02-15T09:20:00Z',1200,0,1001),
 (524,'2024-02-17T15:10:00Z',200,1,1001),
 (525,'2024-02-19T12:25:00Z',78.5,2,1001),
 (526,'2024-02-21T18:40:00Z',95.3,3,1001),
 (527,'2024-02-23T10:35:00Z',750,0,1001),
 (528,'2024-02-25T14:15:00Z',180,1,1001),
 (529,'2024-02-27T16:50:00Z',249.99,2,1001),
 (530,'2024-03-01T11:05:00Z',65.8,3,1001),
 (531,'2024-03-03T09:30:00Z',900,0,1001),
 (532,'2024-01-10T08:00:00Z',2500,0,1002),
 (533,'2024-01-12T12:30:00Z',320,1,1002),
 (534,'2024-01-14T15:20:00Z',125.5,2,1002),
 (535,'2024-01-16T10:45:00Z',89.9,3,1002),
 (536,'2024-01-18T16:15:00Z',1800,0,1002),
 (537,'2024-01-20T14:30:00Z',450,1,1002),
 (538,'2024-01-22T11:10:00Z',199.99,2,1002),
 (539,'2024-01-24T17:25:00Z',67.75,3,1002),
 (540,'2024-01-26T09:40:00Z',1200,0,1002),
 (541,'2024-01-28T13:55:00Z',280,1,1002),
 (542,'2024-01-30T16:20:00Z',89.5,2,1002),
 (543,'2024-02-01T10:35:00Z',145.25,3,1002),
 (544,'2024-02-03T14:50:00Z',2200,0,1002),
 (545,'2024-02-05T12:15:00Z',375,1,1002),
 (546,'2024-02-07T18:30:00Z',299.99,2,1002),
 (547,'2024-02-09T11:45:00Z',78.9,3,1002),
 (548,'2024-02-11T15:00:00Z',950,0,1002),
 (549,'2024-02-13T09:25:00Z',165,1,1002),
 (550,'2024-02-15T13:40:00Z',189.75,2,1002),
 (551,'2024-02-17T17:55:00Z',234.5,3,1002),
 (552,'2024-02-19T10:10:00Z',1600,0,1002),
 (553,'2024-02-21T14:25:00Z',290,1,1002),
 (554,'2024-02-23T16:40:00Z',99.99,2,1002),
 (555,'2024-02-25T12:55:00Z',156.8,3,1002),
 (556,'2024-02-27T08:30:00Z',800,0,1002),
 (557,'2024-01-08T07:45:00Z',3200,0,1003),
 (558,'2024-01-10T11:20:00Z',480,1,1003),
 (559,'2024-01-12T14:35:00Z',89.99,2,1003),
 (560,'2024-01-14T16:50:00Z',125.3,3,1003),
 (561,'2024-01-16T09:15:00Z',1500,0,1003),
 (562,'2024-01-18T13:30:00Z',220,1,1003),
 (563,'2024-01-20T15:45:00Z',199.5,2,1003),
 (564,'2024-01-22T10:00:00Z',89.75,3,1003),
 (565,'2024-01-24T12:15:00Z',2800,0,1003),
 (566,'2024-01-26T14:30:00Z',350,1,1003),
 (567,'2024-01-28T16:45:00Z',149.99,2,1003),
 (568,'2024-01-30T11:00:00Z',67.8,3,1003),
 (569,'2024-02-01T13:15:00Z',1900,0,1003),
 (570,'2024-02-03T15:30:00Z',275,1,1003),
 (571,'2024-02-05T17:45:00Z',299.75,2,1003),
 (572,'2024-02-07T10:20:00Z',134.5,3,1003),
 (573,'2024-02-09T12:35:00Z',2100,0,1003),
 (574,'2024-02-11T14:50:00Z',425,1,1003),
 (575,'2024-02-13T16:05:00Z',178.9,2,1003),
 (576,'2024-02-15T11:40:00Z',95.25,3,1003),
 (577,'2024-02-17T13:55:00Z',1600,0,1003),
 (578,'2024-02-19T15:10:00Z',320,1,1003),
 (579,'2024-02-21T17:25:00Z',249.99,2,1003),
 (580,'2024-02-23T09:50:00Z',78.6,3,1003),
 (581,'2024-02-25T12:05:00Z',1200,0,1003),
 (582,'2024-01-05T08:30:00Z',4200,0,1004),
 (583,'2024-01-07T10:45:00Z',680,1,1004),
 (584,'2024-01-09T13:00:00Z',299.99,2,1004),
 (585,'2024-01-11T15:15:00Z',156.8,3,1004),
 (586,'2024-01-13T17:30:00Z',2300,0,1004),
 (587,'2024-01-15T09:45:00Z',380,1,1004),
 (588,'2024-01-17T12:00:00Z',189.5,2,1004),
 (589,'2024-01-19T14:15:00Z',234.75,3,1004),
 (590,'2024-01-21T16:30:00Z',1850,0,1004),
 (591,'2024-01-23T11:45:00Z',290,1,1004),
 (592,'2024-01-25T13:00:00Z',399.99,2,1004),
 (593,'2024-01-27T15:15:00Z',89.9,3,1004),
 (594,'2024-01-29T08:30:00Z',3100,0,1004),
 (595,'2024-01-31T10:45:00Z',520,1,1004),
 (596,'2024-02-02T13:00:00Z',178.75,2,1004),
 (597,'2024-02-04T15:15:00Z',267.3,3,1004),
 (598,'2024-02-06T17:30:00Z',2650,0,1004),
 (599,'2024-02-08T09:45:00Z',435,1,1004),
 (600,'2024-02-10T12:00:00Z',249.99,2,1004),
 (601,'2024-02-12T14:15:00Z',123.45,3,1004),
 (602,'2024-02-14T16:30:00Z',1900,0,1004),
 (603,'2024-02-16T11:45:00Z',350,1,1004),
 (604,'2024-02-18T13:00:00Z',199.5,2,1004),
 (605,'2024-02-20T15:15:00Z',89.8,3,1004),
 (606,'2024-02-22T08:45:00Z',2400,0,1004),
 (607,'2024-01-03T09:00:00Z',2800,0,1005),
 (608,'2024-01-05T11:15:00Z',420,1,1005),
 (609,'2024-01-07T13:30:00Z',159.99,2,1005),
 (610,'2024-01-09T15:45:00Z',78.5,3,1005),
 (611,'2024-01-11T10:00:00Z',1950,0,1005),
 (612,'2024-01-13T12:15:00Z',265,1,1005),
 (613,'2024-01-15T14:30:00Z',289.75,2,1005),
 (614,'2024-01-17T16:45:00Z',134.8,3,1005),
 (615,'2024-01-19T09:00:00Z',3200,0,1005),
 (616,'2024-01-21T11:15:00Z',385,1,1005),
 (617,'2024-01-23T13:30:00Z',199.99,2,1005),
 (618,'2024-01-25T15:45:00Z',89.25,3,1005),
 (619,'2024-01-27T10:00:00Z',2100,0,1005),
 (620,'2024-01-29T12:15:00Z',310,1,1005),
 (621,'2024-01-31T14:30:00Z',249.5,2,1005),
 (622,'2024-02-07T10:05:00Z',550,0,1001),
 (623,'2024-02-02T16:45:00Z',167.9,3,1005),
 (624,'2024-02-05T14:50:00Z',89.9,3,1001),
 (625,'2024-02-10T15:45:00Z',234.7,3,1005),
 (626,'2024-02-12T10:00:00Z',1800,0,1005),
 (627,'2024-02-08T13:30:00Z',179.99,2,1005),
 (628,'2024-02-16T14:30:00Z',399.99,2,1005),
 (629,'2024-02-18T16:45:00Z',123.6,3,1005),
 (630,'2024-02-20T09:30:00Z',2500,0,1005),
 (631,'2024-01-02T08:15:00Z',3500,0,1006),
 (632,'2024-01-04T10:30:00Z',520,1,1006),
 (633,'2024-01-06T12:45:00Z',299.99,2,1006),
 (634,'2024-01-08T15:00:00Z',189.75,3,1006),
 (635,'2024-01-10T17:15:00Z',2200,0,1006),
 (636,'2024-01-12T09:30:00Z',340,1,1006),
 (637,'2024-01-14T11:45:00Z',149.5,2,1006),
 (638,'2024-01-16T14:00:00Z',267.8,3,1006),
 (639,'2024-01-18T16:15:00Z',2900,0,1006),
 (640,'2024-01-20T08:30:00Z',475,1,1006),
 (641,'2024-01-22T10:45:00Z',199.99,2,1006),
 (642,'2024-01-24T13:00:00Z',134.25,3,1006),
 (643,'2024-01-26T15:15:00Z',1750,0,1006),
 (644,'2024-01-28T17:30:00Z',290,1,1006),
 (645,'2024-01-30T09:45:00Z',389.75,2,1006),
 (646,'2024-02-01T12:00:00Z',78.9,3,1006),
 (647,'2024-02-03T14:15:00Z',3100,0,1006),
 (648,'2024-02-05T16:30:00Z',425,1,1006),
 (649,'2024-02-07T08:45:00Z',249.99,2,1006),
 (650,'2024-02-09T11:00:00Z',156.7,3,1006),
 (651,'2024-02-11T13:15:00Z',2350,0,1006),
 (652,'2024-02-13T15:30:00Z',380,1,1006),
 (653,'2024-02-15T17:45:00Z',179.5,2,1006),
 (654,'2024-02-17T10:00:00Z',234.8,3,1006),
 (655,'2024-02-19T12:30:00Z',2800,0,1006),
 (656,'2024-01-01T07:30:00Z',4100,0,1007),
 (657,'2024-01-03T09:45:00Z',630,1,1007),
 (658,'2024-01-05T12:00:00Z',189.99,2,1007),
 (659,'2024-01-07T14:15:00Z',267.5,3,1007),
 (660,'2024-01-09T16:30:00Z',2450,0,1007),
 (661,'2024-01-11T08:45:00Z',395,1,1007),
 (662,'2024-01-13T11:00:00Z',299.75,2,1007),
 (663,'2024-01-15T13:15:00Z',178.25,3,1007),
 (664,'2024-01-17T15:30:00Z',3300,0,1007),
 (665,'2024-01-19T17:45:00Z',485,1,1007),
 (666,'2024-01-21T10:00:00Z',159.99,2,1007),
 (667,'2024-01-23T12:15:00Z',234.8,3,1007),
 (668,'2024-01-25T14:30:00Z',2050,0,1007),
 (669,'2024-01-27T16:45:00Z',320,1,1007),
 (670,'2024-01-29T09:00:00Z',449.99,2,1007),
 (671,'2024-01-31T11:15:00Z',89.6,3,1007),
 (672,'2024-02-02T13:30:00Z',2800,0,1007),
 (673,'2024-02-04T15:45:00Z',455,1,1007),
 (674,'2024-02-06T18:00:00Z',199.5,2,1007),
 (675,'2024-02-08T10:15:00Z',167.9,3,1007),
 (676,'2024-02-10T12:30:00Z',3600,0,1007),
 (677,'2024-02-12T14:45:00Z',520,1,1007),
 (678,'2024-02-14T17:00:00Z',289.99,2,1007),
 (679,'2024-02-16T09:15:00Z',123.7,3,1007),
 (680,'2024-02-18T11:45:00Z',2200,0,1007),
 (681,'2024-01-04T08:00:00Z',2700,0,1008),
 (682,'2024-01-06T10:15:00Z',385,1,1008),
 (683,'2024-01-08T12:30:00Z',249.99,2,1008),
 (684,'2024-01-10T14:45:00Z',134.75,3,1008),
 (685,'2024-01-12T17:00:00Z',1900,0,1008),
 (686,'2024-01-14T09:15:00Z',275,1,1008),
 (687,'2024-01-16T11:30:00Z',179.5,2,1008),
 (688,'2024-01-18T13:45:00Z',298.8,3,1008),
 (689,'2024-01-20T16:00:00Z',3150,0,1008),
 (690,'2024-01-22T08:15:00Z',410,1,1008),
 (691,'2024-01-24T10:30:00Z',199.99,2,1008),
 (692,'2024-01-26T12:45:00Z',167.25,3,1008),
 (693,'2024-01-28T15:00:00Z',2300,0,1008),
 (694,'2024-01-30T17:15:00Z',355,1,1008),
 (695,'2024-02-01T09:30:00Z',349.75,2,1008),
 (696,'2024-02-03T11:45:00Z',89.9,3,1008),
 (697,'2024-02-05T14:00:00Z',2650,0,1008),
 (698,'2024-02-07T16:15:00Z',425,1,1008),
 (699,'2024-02-09T08:30:00Z',229.99,2,1008),
 (700,'2024-02-11T10:45:00Z',178.6,3,1008),
 (701,'2024-02-13T13:00:00Z',1850,0,1008),
 (702,'2024-02-15T15:15:00Z',295,1,1008),
 (703,'2024-02-17T17:30:00Z',399.99,2,1008),
 (704,'2024-02-19T09:45:00Z',123.45,3,1008),
 (705,'2024-02-21T12:15:00Z',2950,0,1008),
 (706,'2024-01-06T07:45:00Z',3800,0,1009),
 (707,'2024-01-08T10:00:00Z',565,1,1009),
 (708,'2024-01-10T12:15:00Z',159.99,2,1009),
 (709,'2024-01-12T14:30:00Z',234.5,3,1009),
 (710,'2024-01-14T16:45:00Z',2150,0,1009),
 (711,'2024-01-16T09:00:00Z',325,1,1009),
 (712,'2024-01-18T11:15:00Z',289.75,2,1009),
 (713,'2024-01-20T13:30:00Z',178.25,3,1009),
 (714,'2024-01-22T15:45:00Z',2900,0,1009),
 (715,'2024-01-24T18:00:00Z',440,1,1009),
 (716,'2024-01-26T08:15:00Z',199.99,2,1009),
 (717,'2024-01-28T10:30:00Z',167.8,3,1009),
 (718,'2024-01-30T12:45:00Z',3450,0,1009),
 (719,'2024-02-01T15:00:00Z',495,1,1009),
 (720,'2024-02-03T17:15:00Z',249.5,2,1009),
 (721,'2024-02-05T09:30:00Z',298.9,3,1009),
 (722,'2024-02-07T11:45:00Z',1950,0,1009),
 (723,'2024-02-09T14:00:00Z',375,1,1009),
 (724,'2024-02-11T16:15:00Z',179.99,2,1009),
 (725,'2024-02-13T08:30:00Z',134.7,3,1009),
 (726,'2024-02-15T10:45:00Z',2750,0,1009),
 (727,'2024-02-17T13:00:00Z',415,1,1009),
 (728,'2024-02-19T15:15:00Z',399.99,2,1009),
 (729,'2024-02-21T17:30:00Z',89.8,3,1009),
 (730,'2024-02-23T09:45:00Z',3200,0,1009),
 (731,'2024-01-07T08:30:00Z',2600,0,1010),
 (732,'2024-01-09T10:45:00Z',395,1,1010),
 (733,'2024-01-11T13:00:00Z',189.99,2,1010),
 (734,'2024-01-13T15:15:00Z',156.75,3,1010),
 (735,'2024-01-15T17:30:00Z',2050,0,1010),
 (736,'2024-01-17T09:45:00Z',280,1,1010),
 (737,'2024-01-19T12:00:00Z',299.5,2,1010),
 (738,'2024-01-21T14:15:00Z',234.8,3,1010),
 (739,'2024-01-23T16:30:00Z',3100,0,1010),
 (740,'2024-01-25T08:45:00Z',465,1,1010),
 (741,'2024-01-27T11:00:00Z',149.99,2,1010),
 (742,'2024-01-29T13:15:00Z',178.25,3,1010),
 (743,'2024-01-31T15:30:00Z',2400,0,1010),
 (744,'2024-02-02T17:45:00Z',340,1,1010),
 (745,'2024-02-04T10:00:00Z',389.75,2,1010),
 (746,'2024-02-06T12:15:00Z',89.9,3,1010),
 (747,'2024-02-08T14:30:00Z',2850,0,1010),
 (748,'2024-02-10T16:45:00Z',425,1,1010),
 (749,'2024-02-12T09:00:00Z',199.99,2,1010),
 (750,'2024-02-14T11:15:00Z',267.6,3,1010),
 (751,'2024-02-16T13:30:00Z',1750,0,1010),
 (752,'2024-02-18T15:45:00Z',310,1,1010),
 (753,'2024-02-20T18:00:00Z',249.99,2,1010),
 (754,'2024-02-22T10:15:00Z',123.7,3,1010),
 (755,'2024-02-24T12:45:00Z',2950,0,1010),
 (756,'2024-01-05T09:15:00Z',3300,0,2001),
 (757,'2024-01-07T11:30:00Z',485,1,2001),
 (758,'2024-01-09T13:45:00Z',299.99,2,2001),
 (759,'2024-01-11T16:00:00Z',167.5,3,2001),
 (760,'2024-01-13T08:15:00Z',2250,0,2001),
 (761,'2024-01-15T10:30:00Z',365,1,2001),
 (762,'2024-01-17T12:45:00Z',189.75,2,2001),
 (763,'2024-01-19T15:00:00Z',234.8,3,2001),
 (764,'2024-01-21T17:15:00Z',2800,0,2001),
 (765,'2024-01-25T11:45:00Z',249.99,2,2001),
 (766,'2024-01-27T14:00:00Z',178.25,3,2001),
 (767,'2024-02-14T12:15:00Z',295,1,1005),
 (768,'2024-01-31T08:30:00Z',545,1,2001),
 (769,'2024-02-02T10:45:00Z',159.5,2,2001),
 (770,'2024-02-04T13:00:00Z',298.9,3,2001),
 (771,'2024-02-06T15:15:00Z',2150,0,2001),
 (772,'2024-02-08T17:30:00Z',385,1,2001),
 (773,'2024-02-10T09:45:00Z',399.99,2,2001),
 (774,'2024-02-12T12:00:00Z',134.7,3,2001),
 (775,'2024-02-14T14:15:00Z',2950,0,2001),
 (776,'2024-02-16T16:30:00Z',465,1,2001),
 (777,'2024-02-18T08:45:00Z',199.99,2,2001),
 (778,'2024-02-20T11:00:00Z',267.8,3,2001),
 (779,'2024-02-22T13:30:00Z',3400,0,2001),
 (780,'2024-01-03T07:00:00Z',4500,0,2002),
 (781,'2024-01-05T09:15:00Z',675,1,2002),
 (782,'2024-01-07T11:30:00Z',189.99,2,2002),
 (783,'2024-01-09T13:45:00Z',298.5,3,2002),
 (784,'2024-01-11T16:00:00Z',2750,0,2002),
 (785,'2024-01-13T08:15:00Z',425,1,2002),
 (786,'2024-01-15T10:30:00Z',349.75,2,2002),
 (787,'2024-01-17T12:45:00Z',156.25,3,2002),
 (788,'2024-01-19T15:00:00Z',3200,0,2002),
 (789,'2024-01-21T17:15:00Z',485,1,2002),
 (790,'2024-01-23T09:30:00Z',199.99,2,2002),
 (791,'2024-01-25T11:45:00Z',234.8,3,2002),
 (792,'2024-01-27T14:00:00Z',2450,0,2002),
 (793,'2024-01-29T16:15:00Z',365,1,2002),
 (794,'2024-01-31T08:30:00Z',449.99,2,2002),
 (795,'2024-02-02T10:45:00Z',178.9,3,2002),
 (796,'2024-02-04T13:00:00Z',3850,0,2002),
 (797,'2024-02-06T15:15:00Z',575,1,2002),
 (798,'2024-02-08T17:30:00Z',249.5,2,2002),
 (799,'2024-02-10T09:45:00Z',267.7,3,2002),
 (800,'2024-02-12T12:00:00Z',2100,0,2002),
 (801,'2024-02-14T14:15:00Z',395,1,2002),
 (802,'2024-02-16T16:30:00Z',179.99,2,2002),
 (803,'2024-02-18T08:45:00Z',298.6,3,2002),
 (804,'2024-02-20T11:15:00Z',3600,0,2002),
 (805,'2024-01-02T08:45:00Z',2900,0,2003),
 (806,'2024-01-04T11:00:00Z',435,1,2003),
 (807,'2024-01-06T13:15:00Z',159.99,2,2003),
 (808,'2024-01-08T15:30:00Z',189.75,3,2003),
 (809,'2024-01-10T17:45:00Z',2350,0,2003),
 (810,'2024-01-12T10:00:00Z',315,1,2003),
 (811,'2024-01-14T12:15:00Z',299.5,2,2003),
 (812,'2024-01-16T14:30:00Z',234.8,3,2003),
 (813,'2024-01-18T16:45:00Z',3100,0,2003),
 (814,'2024-01-20T09:00:00Z',465,1,2003),
 (815,'2024-01-22T11:15:00Z',189.99,2,2003),
 (816,'2024-01-24T13:30:00Z',167.25,3,2003),
 (817,'2024-01-26T15:45:00Z',2650,0,2003),
 (818,'2024-01-28T18:00:00Z',395,1,2003),
 (819,'2024-01-30T08:15:00Z',349.75,2,2003),
 (820,'2024-02-01T10:30:00Z',178.9,3,2003),
 (821,'2024-02-03T12:45:00Z',2800,0,2003),
 (822,'2024-02-05T15:00:00Z',425,1,2003),
 (823,'2024-02-07T17:15:00Z',249.99,2,2003),
 (824,'2024-02-09T09:30:00Z',298.6,3,2003),
 (825,'2024-02-11T11:45:00Z',3350,0,2003),
 (826,'2024-02-13T14:00:00Z',505,1,2003),
 (827,'2024-02-15T16:15:00Z',199.5,2,2003),
 (828,'2024-02-17T08:30:00Z',134.7,3,2003),
 (829,'2024-02-19T10:45:00Z',2250,0,2003),
 (830,'2024-01-01T09:30:00Z',3750,0,2004),
 (831,'2024-01-03T11:45:00Z',565,1,2004),
 (832,'2024-01-05T14:00:00Z',249.99,2,2004),
 (833,'2024-01-07T16:15:00Z',267.5,3,2004),
 (834,'2024-01-09T08:30:00Z',2200,0,2004),
 (835,'2024-01-11T10:45:00Z',335,1,2004),
 (836,'2024-01-13T13:00:00Z',189.75,2,2004),
 (837,'2024-01-15T15:15:00Z',298.8,3,2004),
 (838,'2024-01-17T17:30:00Z',2950,0,2004),
 (839,'2024-01-19T09:45:00Z',445,1,2004),
 (840,'2024-01-21T12:00:00Z',199.99,2,2004),
 (841,'2024-01-23T14:15:00Z',178.25,3,2004),
 (842,'2024-01-25T16:30:00Z',3400,0,2004),
 (843,'2024-01-27T08:45:00Z',515,1,2004),
 (844,'2024-01-29T11:00:00Z',389.5,2,2004),
 (845,'2024-01-31T13:15:00Z',234.9,3,2004),
 (846,'2024-02-02T15:30:00Z',2150,0,2004),
 (847,'2024-02-04T17:45:00Z',375,1,2004),
 (848,'2024-02-06T10:00:00Z',159.99,2,2004),
 (849,'2024-02-08T12:15:00Z',167.7,3,2004),
 (850,'2024-02-10T14:30:00Z',3250,0,2004),
 (851,'2024-02-12T16:45:00Z',485,1,2004),
 (852,'2024-02-14T09:00:00Z',299.99,2,2004),
 (853,'2024-02-16T11:15:00Z',289.6,3,2004),
 (854,'2024-02-18T13:45:00Z',2800,0,2004),
 (855,'2024-01-04T07:15:00Z',3150,0,2005),
 (856,'2024-01-23T09:30:00Z',420,1,2001),
 (857,'2024-01-08T11:45:00Z',199.99,2,2005),
 (858,'2024-01-10T14:00:00Z',156.75,3,2005),
 (859,'2024-01-12T16:15:00Z',2450,0,2005),
 (860,'2024-01-14T08:30:00Z',365,1,2005),
 (861,'2024-01-16T10:45:00Z',289.5,2,2005),
 (862,'2024-01-18T13:00:00Z',234.8,3,2005),
 (863,'2024-01-20T15:15:00Z',2900,0,2005),
 (864,'2024-01-22T17:30:00Z',435,1,2005),
 (865,'2024-01-24T09:45:00Z',149.99,2,2005),
 (866,'2024-01-26T12:00:00Z',189.25,3,2005),
 (867,'2024-01-28T14:15:00Z',3300,0,2005),
 (868,'2024-01-30T16:30:00Z',495,1,2005),
 (869,'2024-02-01T08:45:00Z',349.75,2,2005),
 (870,'2024-02-03T11:00:00Z',267.9,3,2005),
 (871,'2024-02-05T13:15:00Z',2050,0,2005),
 (872,'2024-02-07T15:30:00Z',315,1,2005),
 (873,'2024-02-09T17:45:00Z',199.99,2,2005),
 (874,'2024-02-11T10:00:00Z',178.6,3,2005),
 (875,'2024-02-13T12:15:00Z',2750,0,2005),
 (876,'2024-02-15T14:30:00Z',415,1,2005),
 (877,'2024-02-17T16:45:00Z',249.99,2,2005),
 (878,'2024-02-19T09:00:00Z',298.7,3,2005),
 (879,'2024-02-21T11:30:00Z',3500,0,2005),
 (880,'2024-01-08T08:00:00Z',2800,0,2006),
 (881,'2024-01-10T10:15:00Z',420,1,2006),
 (882,'2024-01-12T12:30:00Z',179.99,2,2006),
 (883,'2024-01-14T14:45:00Z',234.5,3,2006),
 (884,'2024-01-16T17:00:00Z',2300,0,2006),
 (885,'2024-01-18T09:15:00Z',345,1,2006),
 (886,'2024-01-20T11:30:00Z',299.75,2,2006),
 (887,'2024-01-22T13:45:00Z',167.25,3,2006),
 (888,'2024-01-24T16:00:00Z',3050,0,2006),
 (889,'2024-01-26T08:15:00Z',455,1,2006),
 (890,'2024-01-28T10:30:00Z',189.99,2,2006),
 (891,'2024-01-30T12:45:00Z',298.8,3,2006),
 (892,'2024-02-01T15:00:00Z',2650,0,2006),
 (893,'2024-02-03T17:15:00Z',395,1,2006),
 (894,'2024-02-05T09:30:00Z',349.5,2,2006),
 (895,'2024-02-07T11:45:00Z',156.9,3,2006),
 (896,'2024-02-09T14:00:00Z',2950,0,2006),
 (897,'2024-02-11T16:15:00Z',445,1,2006),
 (898,'2024-02-13T08:30:00Z',199.99,2,2006),
 (899,'2024-02-15T10:45:00Z',234.7,3,2006),
 (900,'2024-02-17T13:00:00Z',3200,0,2006),
 (901,'2024-02-19T15:15:00Z',485,1,2006),
 (902,'2024-02-21T17:30:00Z',249.99,2,2006),
 (903,'2024-02-23T09:45:00Z',178.8,3,2006),
 (904,'2024-02-25T12:15:00Z',2400,0,2006),
 (905,'2024-01-06T07:30:00Z',4200,0,2007),
 (906,'2024-01-08T09:45:00Z',635,1,2007),
 (907,'2024-01-10T12:00:00Z',299.99,2,2007),
 (908,'2024-01-12T14:15:00Z',189.5,3,2007),
 (909,'2024-01-14T16:30:00Z',2750,0,2007),
 (910,'2024-01-16T08:45:00Z',415,1,2007),
 (911,'2024-01-18T11:00:00Z',179.75,2,2007),
 (912,'2024-01-20T13:15:00Z',267.8,3,2007),
 (913,'2024-01-22T15:30:00Z',3350,0,2007),
 (914,'2024-01-24T17:45:00Z',505,1,2007),
 (915,'2024-01-26T10:00:00Z',199.99,2,2007),
 (916,'2024-01-28T12:15:00Z',234.25,3,2007),
 (917,'2024-01-30T14:30:00Z',2450,0,2007),
 (918,'2024-02-01T16:45:00Z',365,1,2007),
 (919,'2024-02-03T09:00:00Z',389.5,2,2007),
 (920,'2024-02-05T11:15:00Z',156.9,3,2007),
 (921,'2024-02-07T13:30:00Z',2900,0,2007),
 (922,'2024-02-09T15:45:00Z',435,1,2007),
 (923,'2024-02-11T18:00:00Z',249.99,2,2007),
 (924,'2024-02-13T08:15:00Z',298.7,3,2007),
 (925,'2024-02-15T10:30:00Z',3650,0,2007),
 (926,'2024-02-17T12:45:00Z',545,1,2007),
 (927,'2024-02-19T15:00:00Z',179.99,2,2007),
 (928,'2024-02-21T17:15:00Z',167.6,3,2007),
 (929,'2024-01-09T08:15:00Z',2950,0,2008),
 (930,'2024-01-11T10:30:00Z',445,1,2008),
 (931,'2024-01-13T12:45:00Z',159.99,2,2008),
 (932,'2024-01-15T15:00:00Z',234.75,3,2008),
 (933,'2024-01-17T17:15:00Z',2350,0,2008),
 (934,'2024-01-19T09:30:00Z',355,1,2008),
 (935,'2024-01-21T11:45:00Z',289.5,2,2008),
 (936,'2024-01-23T14:00:00Z',189.25,3,2008),
 (937,'2024-01-25T16:15:00Z',3100,0,2008),
 (938,'2024-01-27T08:30:00Z',465,1,2008),
 (939,'2024-01-29T10:45:00Z',199.99,2,2008),
 (940,'2024-01-31T13:00:00Z',267.8,3,2008),
 (941,'2024-02-02T15:15:00Z',2700,0,2008),
 (942,'2024-02-04T17:30:00Z',405,1,2008),
 (943,'2024-02-06T09:45:00Z',349.75,2,2008),
 (944,'2024-02-08T12:00:00Z',178.9,3,2008),
 (945,'2024-02-10T14:15:00Z',2850,0,2008),
 (946,'2024-02-12T16:30:00Z',425,1,2008),
 (947,'2024-02-14T08:45:00Z',189.99,2,2008),
 (948,'2024-02-16T11:00:00Z',298.6,3,2008),
 (949,'2024-01-29T16:15:00Z',3650,0,2001),
 (950,'2024-02-20T15:30:00Z',485,1,2008),
 (951,'2024-02-22T17:45:00Z',249.99,2,2008),
 (952,'2024-02-24T10:00:00Z',156.7,3,2008),
 (953,'2024-02-26T12:30:00Z',2500,0,2008),
 (954,'2024-01-07T09:00:00Z',3600,0,2009),
 (955,'2024-01-09T11:15:00Z',540,1,2009),
 (956,'2024-01-11T13:30:00Z',249.99,2,2009),
 (957,'2024-01-13T15:45:00Z',167.5,3,2009),
 (958,'2024-01-15T18:00:00Z',2250,0,2009),
 (959,'2024-01-17T08:15:00Z',335,1,2009),
 (960,'2024-01-19T10:30:00Z',189.75,2,2009),
 (961,'2024-01-21T12:45:00Z',298.8,3,2009),
 (962,'2024-01-23T15:00:00Z',2800,0,2009),
 (963,'2024-01-25T17:15:00Z',420,1,2009),
 (964,'2024-01-27T09:30:00Z',199.99,2,2009),
 (965,'2024-01-29T11:45:00Z',234.25,3,2009),
 (966,'2024-01-31T14:00:00Z',3450,0,2009),
 (967,'2024-02-02T16:15:00Z',515,1,2009),
 (968,'2024-02-04T08:30:00Z',359.5,2,2009),
 (969,'2024-02-06T10:45:00Z',189.9,3,2009),
 (970,'2024-02-08T13:00:00Z',2150,0,2009),
 (971,'2024-02-10T15:15:00Z',325,1,2009),
 (972,'2024-02-12T17:30:00Z',149.99,2,2009),
 (973,'2024-02-14T09:45:00Z',267.7,3,2009),
 (974,'2024-02-16T12:00:00Z',2900,0,2009),
 (975,'2024-02-18T14:15:00Z',435,1,2009),
 (976,'2024-02-20T16:30:00Z',299.99,2,2009),
 (977,'2024-02-22T08:45:00Z',178.8,3,2009),
 (978,'2024-02-06T11:15:00Z',445,1,1005),
 (979,'2024-02-18T13:15:00Z',3250,0,2008),
 (980,'2024-01-12T10:00:00Z',405,1,2010),
 (981,'2024-01-14T12:15:00Z',189.99,2,2010),
 (982,'2024-01-16T14:30:00Z',156.75,3,2010),
 (983,'2024-01-18T16:45:00Z',2150,0,2010),
 (984,'2024-01-20T09:00:00Z',325,1,2010),
 (985,'2024-01-22T11:15:00Z',299.5,2,2010),
 (986,'2024-01-24T13:30:00Z',234.8,3,2010),
 (987,'2024-01-26T15:45:00Z',3050,0,2010),
 (988,'2024-01-28T18:00:00Z',455,1,2010),
 (989,'2024-01-30T08:15:00Z',179.99,2,2010),
 (990,'2024-02-01T10:30:00Z',267.25,3,2010),
 (991,'2024-02-03T12:45:00Z',2600,0,2010),
 (992,'2024-02-05T15:00:00Z',385,1,2010),
 (993,'2024-02-07T17:15:00Z',349.75,2,2010),
 (994,'2024-02-09T09:30:00Z',189.9,3,2010),
 (995,'2024-02-11T11:45:00Z',2950,0,2010),
 (996,'2024-02-13T14:00:00Z',445,1,2010),
 (997,'2024-02-15T16:15:00Z',199.99,2,2010),
 (998,'2024-02-17T08:30:00Z',298.6,3,2010),
 (999,'2024-02-19T10:45:00Z',3300,0,2010),
 (1000,'2024-02-21T13:00:00Z',495,1,2010),
 (1001,'2024-02-23T15:15:00Z',249.99,2,2010),
 (1002,'2024-02-25T17:30:00Z',167.7,3,2010),
 (1003,'2024-02-27T09:45:00Z',2400,0,2010),
 (1004,'2024-01-11T08:30:00Z',3850,0,3001),
 (1005,'2024-01-13T10:45:00Z',575,1,3001),
 (1006,'2024-01-15T13:00:00Z',299.99,2,3001),
 (1007,'2024-01-17T15:15:00Z',234.5,3,3001),
 (1008,'2024-01-19T17:30:00Z',2350,0,3001),
 (1009,'2024-01-21T09:45:00Z',355,1,3001),
 (1010,'2024-01-23T12:00:00Z',189.75,2,3001),
 (1011,'2024-01-25T14:15:00Z',167.25,3,3001),
 (1012,'2024-01-06T09:30:00Z',475,1,2005),
 (1013,'2024-02-23T09:45:00Z',2200,0,2007),
 (1014,'2024-02-24T11:15:00Z',3200,0,2009),
 (1015,'2024-01-10T07:45:00Z',2700,0,2010),
 (1016,'2024-02-04T09:00:00Z',2750,0,1005);
INSERT INTO "account" ("id","agency","holder","bank_id","number") VALUES (1001,1234,'MARIA SILVA SANTOS',1,1001),
 (1002,1234,'JOÃO CARLOS OLIVEIRA',1,1002),
 (1003,1235,'ANA PAULA COSTA',1,1003),
 (1004,1235,'PEDRO HENRIQUE LIMA',1,1004),
 (1005,1236,'CARLA FERNANDA SOUZA',1,1005),
 (1006,1236,'ROBERTO CARLOS MENDES',1,1006),
 (1007,1237,'LUCIANA PEREIRA ALVES',1,1007),
 (1008,1237,'FERNANDO SILVA RODRIGUES',1,1008),
 (1009,1238,'JULIANA MARTINS CRUZ',1,1009),
 (1010,1238,'RAFAEL HENRIQUE BARBOSA',1,1010),
 (2001,5678,'PATRÍCIA GOMES SILVA',2,2001),
 (2002,5678,'ANDRÉ LUIS SANTOS',2,2002),
 (2003,5679,'CAMILA RODRIGUES LIMA',2,2003),
 (2004,5679,'MARCOS ANTONIO FERREIRA',2,2004),
 (2005,5680,'GABRIELA COSTA OLIVEIRA',2,2005),
 (2006,5680,'DIEGO ALMEIDA SOUZA',2,2006),
 (2007,5681,'RENATA SILVA MARTINS',2,2007),
 (2008,5681,'THIAGO PEREIRA SANTOS',2,2008),
 (2009,5682,'ALINE FERNANDES COSTA',2,2009),
 (2010,5682,'BRUNO HENRIQUE LIMA',2,2010),
 (3001,9012,'VANESSA ALVES RODRIGUES',3,3001),
 (3002,9012,'LEONARDO SILVA CRUZ',3,3002),
 (3003,9013,'MÔNICA SANTOS OLIVEIRA',3,3003),
 (3004,9013,'GUSTAVO LIMA FERREIRA',3,3004),
 (3005,9014,'TATIANA COSTA ALMEIDA',3,3005),
 (3006,9014,'RODRIGO MARTINS SILVA',3,3006),
 (3007,9015,'PRISCILA SOUZA SANTOS',3,3007),
 (3008,9015,'VINÍCIUS OLIVEIRA LIMA',3,3008),
 (3009,9016,'LARISSA FERREIRA COSTA',3,3009),
 (3010,9016,'MARCELO ALVES RODRIGUES',3,3010);
COMMIT;
